,BFS_NR,GEBIET_NAME,THEMA_NAME,SET_NAME,SUBSET_NAME,INDIKATOR_ID,INDIKATOR_NAME,INDIKATOR_JAHR,INDIKATOR_VALUE,EINHEIT_KURZ,EINHEIT_LANG,Unnamed: 11
31,1,Aeugst a.A.,Öffentliche Finanzen,Gemeindesteuern,Steuergrundlagen,282,Ø steuerbares Einkommen natürliche Pers. [Fr.],2021,86312,Fr.,Franken,
63,2,Affoltern a.A.,Öffentliche Finanzen,Gemeindesteuern,Steuergrundlagen,282,Ø steuerbares Einkommen natürliche Pers. [Fr.],2021,60345,Fr.,Franken,
95,3,Bonstetten,Öffentliche Finanzen,Gemeindesteuern,Steuergrundlagen,282,Ø steuerbares Einkommen natürliche Pers. [Fr.],2021,73247,Fr.,Franken,
127,4,Hausen a.A.,Öffentliche Finanzen,Gemeindesteuern,Steuergrundlagen,282,Ø steuerbares Einkommen natürliche Pers. [Fr.],2021,79017,Fr.,Franken,
159,5,Hedingen,Öffentliche Finanzen,Gemeindesteuern,Steuergrundlagen,282,Ø steuerbares Einkommen natürliche Pers. [Fr.],2021,83225,Fr.,Franken,
191,6,Kappel a.A.,Öffentliche Finanzen,Gemeindesteuern,Steuergrundlagen,282,Ø steuerbares Einkommen natürliche Pers. [Fr.],2021,73516,Fr.,Franken,
223,7,Knonau,Öffentliche Finanzen,Gemeindesteuern,Steuergrundlagen,282,Ø steuerbares Einkommen natürliche Pers. [Fr.],2021,77835,Fr.,Franken,
255,8,Maschwanden,Öffentliche Finanzen,Gemeindesteuern,Steuergrundlagen,282,Ø steuerbares Einkommen natürliche Pers. [Fr.],2021,60097,Fr.,Franken,
287,9,Mettmenstetten,Öffentliche Finanzen,Gemeindesteuern,Steuergrundlagen,282,Ø steuerbares Einkommen natürliche Pers. [Fr.],2021,73206,Fr.,Franken,
319,10,Obfelden,Öffentliche Finanzen,Gemeindesteuern,Steuergrundlagen,282,Ø steuerbares Einkommen natürliche Pers. [Fr.],2021,64538,Fr.,Franken,
351,11,Ottenbach,Öffentliche Finanzen,Gemeindesteuern,Steuergrundlagen,282,Ø steuerbares Einkommen natürliche Pers. [Fr.],2021,72928,Fr.,Franken,
383,12,Rifferswil,Öffentliche Finanzen,Gemeindesteuern,Steuergrundlagen,282,Ø steuerbares Einkommen natürliche Pers. [Fr.],2021,75090,Fr.,Franken,
415,13,Stallikon,Öffentliche Finanzen,Gemeindesteuern,Steuergrundlagen,282,Ø steuerbares Einkommen natürliche Pers. [Fr.],2021,85802,Fr.,Franken,
447,14,Wettswil a.A.,Öffentliche Finanzen,Gemeindesteuern,Steuergrundlagen,282,Ø steuerbares Einkommen natürliche Pers. [Fr.],2021,97781,Fr.,Franken,
479,21,Adlikon,Öffentliche Finanzen,Gemeindesteuern,Steuergrundlagen,282,Ø steuerbares Einkommen natürliche Pers. [Fr.],2021,66192,Fr.,Franken,
511,22,Benken,Öffentliche Finanzen,Gemeindesteuern,Steuergrundlagen,282,Ø steuerbares Einkommen natürliche Pers. [Fr.],2021,65331,Fr.,Franken,
543,23,Berg a.I.,Öffentliche Finanzen,Gemeindesteuern,Steuergrundlagen,282,Ø steuerbares Einkommen natürliche Pers. [Fr.],2021,93141,Fr.,Franken,
575,24,Buch a.I.,Öffentliche Finanzen,Gemeindesteuern,Steuergrundlagen,282,Ø steuerbares Einkommen natürliche Pers. [Fr.],2021,68692,Fr.,Franken,
607,25,Dachsen,Öffentliche Finanzen,Gemeindesteuern,Steuergrundlagen,282,Ø steuerbares Einkommen natürliche Pers. [Fr.],2021,70269,Fr.,Franken,
639,26,Dorf,Öffentliche Finanzen,Gemeindesteuern,Steuergrundlagen,282,Ø steuerbares Einkommen natürliche Pers. [Fr.],2021,67211,Fr.,Franken,
671,27,Feuerthalen,Öffentliche Finanzen,Gemeindesteuern,Steuergrundlagen,282,Ø steuerbares Einkommen natürliche Pers. [Fr.],2021,61225,Fr.,Franken,
703,28,Flaach,Öffentliche Finanzen,Gemeindesteuern,Steuergrundlagen,282,Ø steuerbares Einkommen natürliche Pers. [Fr.],2021,66978,Fr.,Franken,
735,29,Flurlingen,Öffentliche Finanzen,Gemeindesteuern,Steuergrundlagen,282,Ø steuerbares Einkommen natürliche Pers. [Fr.],2021,72490,Fr.,Franken,
767,30,Andelfingen,Öffentliche Finanzen,Gemeindesteuern,Steuergrundlagen,282,Ø steuerbares Einkommen natürliche Pers. [Fr.],2021,68399,Fr.,Franken,
799,31,Henggart,Öffentliche Finanzen,Gemeindesteuern,Steuergrundlagen,282,Ø steuerbares Einkommen natürliche Pers. [Fr.],2021,68273,Fr.,Franken,
831,32,Humlikon,Öffentliche Finanzen,Gemeindesteuern,Steuergrundlagen,282,Ø steuerbares Einkommen natürliche Pers. [Fr.],2021,69185,Fr.,Franken,
863,33,Kleinandelfingen,Öffentliche Finanzen,Gemeindesteuern,Steuergrundlagen,282,Ø steuerbares Einkommen natürliche Pers. [Fr.],2021,61431,Fr.,Franken,
895,34,Laufen-Uhwiesen,Öffentliche Finanzen,Gemeindesteuern,Steuergrundlagen,282,Ø steuerbares Einkommen natürliche Pers. [Fr.],2021,80007,Fr.,Franken,
927,35,Marthalen,Öffentliche Finanzen,Gemeindesteuern,Steuergrundlagen,282,Ø steuerbares Einkommen natürliche Pers. [Fr.],2021,70597,Fr.,Franken,
988,37,Ossingen,Öffentliche Finanzen,Gemeindesteuern,Steuergrundlagen,282,Ø steuerbares Einkommen natürliche Pers. [Fr.],2021,59166,Fr.,Franken,
1020,38,Rheinau,Öffentliche Finanzen,Gemeindesteuern,Steuergrundlagen,282,Ø steuerbares Einkommen natürliche Pers. [Fr.],2021,59805,Fr.,Franken,
1052,39,Thalheim a.d.Th.,Öffentliche Finanzen,Gemeindesteuern,Steuergrundlagen,282,Ø steuerbares Einkommen natürliche Pers. [Fr.],2021,66058,Fr.,Franken,
1084,40,Trüllikon,Öffentliche Finanzen,Gemeindesteuern,Steuergrundlagen,282,Ø steuerbares Einkommen natürliche Pers. [Fr.],2021,61869,Fr.,Franken,
1116,41,Truttikon,Öffentliche Finanzen,Gemeindesteuern,Steuergrundlagen,282,Ø steuerbares Einkommen natürliche Pers. [Fr.],2021,58323,Fr.,Franken,
1177,43,Volken,Öffentliche Finanzen,Gemeindesteuern,Steuergrundlagen,282,Ø steuerbares Einkommen natürliche Pers. [Fr.],2021,70943,Fr.,Franken,
1238,51,Bachenbülach,Öffentliche Finanzen,Gemeindesteuern,Steuergrundlagen,282,Ø steuerbares Einkommen natürliche Pers. [Fr.],2021,65354,Fr.,Franken,
1270,52,Bassersdorf,Öffentliche Finanzen,Gemeindesteuern,Steuergrundlagen,282,Ø steuerbares Einkommen natürliche Pers. [Fr.],2021,64782,Fr.,Franken,
1302,53,Bülach,Öffentliche Finanzen,Gemeindesteuern,Steuergrundlagen,282,Ø steuerbares Einkommen natürliche Pers. [Fr.],2021,60729,Fr.,Franken,
1334,54,Dietlikon,Öffentliche Finanzen,Gemeindesteuern,Steuergrundlagen,282,Ø steuerbares Einkommen natürliche Pers. [Fr.],2021,67011,Fr.,Franken,
1366,55,Eglisau,Öffentliche Finanzen,Gemeindesteuern,Steuergrundlagen,282,Ø steuerbares Einkommen natürliche Pers. [Fr.],2021,70795,Fr.,Franken,
1398,56,Embrach,Öffentliche Finanzen,Gemeindesteuern,Steuergrundlagen,282,Ø steuerbares Einkommen natürliche Pers. [Fr.],2021,59052,Fr.,Franken,
1430,57,Freienstein-Teufen,Öffentliche Finanzen,Gemeindesteuern,Steuergrundlagen,282,Ø steuerbares Einkommen natürliche Pers. [Fr.],2021,69044,Fr.,Franken,
1462,58,Glattfelden,Öffentliche Finanzen,Gemeindesteuern,Steuergrundlagen,282,Ø steuerbares Einkommen natürliche Pers. [Fr.],2021,62561,Fr.,Franken,
1494,59,Hochfelden,Öffentliche Finanzen,Gemeindesteuern,Steuergrundlagen,282,Ø steuerbares Einkommen natürliche Pers. [Fr.],2021,63865,Fr.,Franken,
1526,60,Höri,Öffentliche Finanzen,Gemeindesteuern,Steuergrundlagen,282,Ø steuerbares Einkommen natürliche Pers. [Fr.],2021,57505,Fr.,Franken,
1558,61,Hüntwangen,Öffentliche Finanzen,Gemeindesteuern,Steuergrundlagen,282,Ø steuerbares Einkommen natürliche Pers. [Fr.],2021,68389,Fr.,Franken,
1590,62,Kloten,Öffentliche Finanzen,Gemeindesteuern,Steuergrundlagen,282,Ø steuerbares Einkommen natürliche Pers. [Fr.],2021,57341,Fr.,Franken,
1622,63,Lufingen,Öffentliche Finanzen,Gemeindesteuern,Steuergrundlagen,282,Ø steuerbares Einkommen natürliche Pers. [Fr.],2021,79176,Fr.,Franken,
1654,64,Nürensdorf,Öffentliche Finanzen,Gemeindesteuern,Steuergrundlagen,282,Ø steuerbares Einkommen natürliche Pers. [Fr.],2021,83576,Fr.,Franken,
1686,65,Oberembrach,Öffentliche Finanzen,Gemeindesteuern,Steuergrundlagen,282,Ø steuerbares Einkommen natürliche Pers. [Fr.],2021,70700,Fr.,Franken,
1718,66,Opfikon,Öffentliche Finanzen,Gemeindesteuern,Steuergrundlagen,282,Ø steuerbares Einkommen natürliche Pers. [Fr.],2021,56321,Fr.,Franken,
1750,67,Rafz,Öffentliche Finanzen,Gemeindesteuern,Steuergrundlagen,282,Ø steuerbares Einkommen natürliche Pers. [Fr.],2021,65741,Fr.,Franken,
1782,68,Rorbas,Öffentliche Finanzen,Gemeindesteuern,Steuergrundlagen,282,Ø steuerbares Einkommen natürliche Pers. [Fr.],2021,59448,Fr.,Franken,
1814,69,Wallisellen,Öffentliche Finanzen,Gemeindesteuern,Steuergrundlagen,282,Ø steuerbares Einkommen natürliche Pers. [Fr.],2021,70083,Fr.,Franken,
1846,70,Wasterkingen,Öffentliche Finanzen,Gemeindesteuern,Steuergrundlagen,282,Ø steuerbares Einkommen natürliche Pers. [Fr.],2021,61970,Fr.,Franken,
1878,71,Wil,Öffentliche Finanzen,Gemeindesteuern,Steuergrundlagen,282,Ø steuerbares Einkommen natürliche Pers. [Fr.],2021,76715,Fr.,Franken,
1910,72,Winkel,Öffentliche Finanzen,Gemeindesteuern,Steuergrundlagen,282,Ø steuerbares Einkommen natürliche Pers. [Fr.],2021,98977,Fr.,Franken,
1942,81,Bachs,Öffentliche Finanzen,Gemeindesteuern,Steuergrundlagen,282,Ø steuerbares Einkommen natürliche Pers. [Fr.],2021,63579,Fr.,Franken,
1974,82,Boppelsen,Öffentliche Finanzen,Gemeindesteuern,Steuergrundlagen,282,Ø steuerbares Einkommen natürliche Pers. [Fr.],2021,90715,Fr.,Franken,
2006,83,Buchs,Öffentliche Finanzen,Gemeindesteuern,Steuergrundlagen,282,Ø steuerbares Einkommen natürliche Pers. [Fr.],2021,64146,Fr.,Franken,
2038,84,Dällikon,Öffentliche Finanzen,Gemeindesteuern,Steuergrundlagen,282,Ø steuerbares Einkommen natürliche Pers. [Fr.],2021,64218,Fr.,Franken,
2070,85,Dänikon,Öffentliche Finanzen,Gemeindesteuern,Steuergrundlagen,282,Ø steuerbares Einkommen natürliche Pers. [Fr.],2021,69696,Fr.,Franken,
2102,86,Dielsdorf,Öffentliche Finanzen,Gemeindesteuern,Steuergrundlagen,282,Ø steuerbares Einkommen natürliche Pers. [Fr.],2021,61593,Fr.,Franken,
2134,87,Hüttikon,Öffentliche Finanzen,Gemeindesteuern,Steuergrundlagen,282,Ø steuerbares Einkommen natürliche Pers. [Fr.],2021,91028,Fr.,Franken,
2166,88,Neerach,Öffentliche Finanzen,Gemeindesteuern,Steuergrundlagen,282,Ø steuerbares Einkommen natürliche Pers. [Fr.],2021,92565,Fr.,Franken,
2198,89,Niederglatt,Öffentliche Finanzen,Gemeindesteuern,Steuergrundlagen,282,Ø steuerbares Einkommen natürliche Pers. [Fr.],2021,60376,Fr.,Franken,
2230,90,Niederhasli,Öffentliche Finanzen,Gemeindesteuern,Steuergrundlagen,282,Ø steuerbares Einkommen natürliche Pers. [Fr.],2021,62860,Fr.,Franken,
2262,91,Niederweningen,Öffentliche Finanzen,Gemeindesteuern,Steuergrundlagen,282,Ø steuerbares Einkommen natürliche Pers. [Fr.],2021,70345,Fr.,Franken,
2294,92,Oberglatt,Öffentliche Finanzen,Gemeindesteuern,Steuergrundlagen,282,Ø steuerbares Einkommen natürliche Pers. [Fr.],2021,52755,Fr.,Franken,
2326,93,Oberweningen,Öffentliche Finanzen,Gemeindesteuern,Steuergrundlagen,282,Ø steuerbares Einkommen natürliche Pers. [Fr.],2021,69516,Fr.,Franken,
2358,94,Otelfingen,Öffentliche Finanzen,Gemeindesteuern,Steuergrundlagen,282,Ø steuerbares Einkommen natürliche Pers. [Fr.],2021,71034,Fr.,Franken,
2390,95,Regensberg,Öffentliche Finanzen,Gemeindesteuern,Steuergrundlagen,282,Ø steuerbares Einkommen natürliche Pers. [Fr.],2021,86160,Fr.,Franken,
2422,96,Regensdorf,Öffentliche Finanzen,Gemeindesteuern,Steuergrundlagen,282,Ø steuerbares Einkommen natürliche Pers. [Fr.],2021,59340,Fr.,Franken,
2454,97,Rümlang,Öffentliche Finanzen,Gemeindesteuern,Steuergrundlagen,282,Ø steuerbares Einkommen natürliche Pers. [Fr.],2021,60577,Fr.,Franken,
2486,98,Schleinikon,Öffentliche Finanzen,Gemeindesteuern,Steuergrundlagen,282,Ø steuerbares Einkommen natürliche Pers. [Fr.],2021,63584,Fr.,Franken,
2518,99,Schöfflisdorf,Öffentliche Finanzen,Gemeindesteuern,Steuergrundlagen,282,Ø steuerbares Einkommen natürliche Pers. [Fr.],2021,72363,Fr.,Franken,
2550,100,Stadel,Öffentliche Finanzen,Gemeindesteuern,Steuergrundlagen,282,Ø steuerbares Einkommen natürliche Pers. [Fr.],2021,63790,Fr.,Franken,
2582,101,Steinmaur,Öffentliche Finanzen,Gemeindesteuern,Steuergrundlagen,282,Ø steuerbares Einkommen natürliche Pers. [Fr.],2021,68504,Fr.,Franken,
2614,102,Weiach,Öffentliche Finanzen,Gemeindesteuern,Steuergrundlagen,282,Ø steuerbares Einkommen natürliche Pers. [Fr.],2021,59174,Fr.,Franken,
2646,111,Bäretswil,Öffentliche Finanzen,Gemeindesteuern,Steuergrundlagen,282,Ø steuerbares Einkommen natürliche Pers. [Fr.],2021,60771,Fr.,Franken,
2678,112,Bubikon,Öffentliche Finanzen,Gemeindesteuern,Steuergrundlagen,282,Ø steuerbares Einkommen natürliche Pers. [Fr.],2021,68405,Fr.,Franken,
2710,113,Dürnten,Öffentliche Finanzen,Gemeindesteuern,Steuergrundlagen,282,Ø steuerbares Einkommen natürliche Pers. [Fr.],2021,61497,Fr.,Franken,
2742,114,Fischenthal,Öffentliche Finanzen,Gemeindesteuern,Steuergrundlagen,282,Ø steuerbares Einkommen natürliche Pers. [Fr.],2021,54081,Fr.,Franken,
2774,115,Gossau,Öffentliche Finanzen,Gemeindesteuern,Steuergrundlagen,282,Ø steuerbares Einkommen natürliche Pers. [Fr.],2021,67940,Fr.,Franken,
2806,116,Grüningen,Öffentliche Finanzen,Gemeindesteuern,Steuergrundlagen,282,Ø steuerbares Einkommen natürliche Pers. [Fr.],2021,69464,Fr.,Franken,
2838,117,Hinwil,Öffentliche Finanzen,Gemeindesteuern,Steuergrundlagen,282,Ø steuerbares Einkommen natürliche Pers. [Fr.],2021,61489,Fr.,Franken,
2870,118,Rüti,Öffentliche Finanzen,Gemeindesteuern,Steuergrundlagen,282,Ø steuerbares Einkommen natürliche Pers. [Fr.],2021,56111,Fr.,Franken,
2902,119,Seegräben,Öffentliche Finanzen,Gemeindesteuern,Steuergrundlagen,282,Ø steuerbares Einkommen natürliche Pers. [Fr.],2021,69148,Fr.,Franken,
2934,120,Wald,Öffentliche Finanzen,Gemeindesteuern,Steuergrundlagen,282,Ø steuerbares Einkommen natürliche Pers. [Fr.],2021,54992,Fr.,Franken,
2966,121,Wetzikon,Öffentliche Finanzen,Gemeindesteuern,Steuergrundlagen,282,Ø steuerbares Einkommen natürliche Pers. [Fr.],2021,56496,Fr.,Franken,
2998,131,Adliswil,Öffentliche Finanzen,Gemeindesteuern,Steuergrundlagen,282,Ø steuerbares Einkommen natürliche Pers. [Fr.],2021,66515,Fr.,Franken,
3115,135,Kilchberg,Öffentliche Finanzen,Gemeindesteuern,Steuergrundlagen,282,Ø steuerbares Einkommen natürliche Pers. [Fr.],2021,139804,Fr.,Franken,
3147,136,Langnau a.A.,Öffentliche Finanzen,Gemeindesteuern,Steuergrundlagen,282,Ø steuerbares Einkommen natürliche Pers. [Fr.],2021,77631,Fr.,Franken,
3179,137,Oberrieden,Öffentliche Finanzen,Gemeindesteuern,Steuergrundlagen,282,Ø steuerbares Einkommen natürliche Pers. [Fr.],2021,95956,Fr.,Franken,
3211,138,Richterswil,Öffentliche Finanzen,Gemeindesteuern,Steuergrundlagen,282,Ø steuerbares Einkommen natürliche Pers. [Fr.],2021,74839,Fr.,Franken,
3243,139,Rüschlikon,Öffentliche Finanzen,Gemeindesteuern,Steuergrundlagen,282,Ø steuerbares Einkommen natürliche Pers. [Fr.],2021,132525,Fr.,Franken,
3304,141,Thalwil,Öffentliche Finanzen,Gemeindesteuern,Steuergrundlagen,282,Ø steuerbares Einkommen natürliche Pers. [Fr.],2021,88701,Fr.,Franken,
3365,151,Erlenbach,Öffentliche Finanzen,Gemeindesteuern,Steuergrundlagen,282,Ø steuerbares Einkommen natürliche Pers. [Fr.],2021,147215,Fr.,Franken,
3397,152,Herrliberg,Öffentliche Finanzen,Gemeindesteuern,Steuergrundlagen,282,Ø steuerbares Einkommen natürliche Pers. [Fr.],2021,151533,Fr.,Franken,
3429,153,Hombrechtikon,Öffentliche Finanzen,Gemeindesteuern,Steuergrundlagen,282,Ø steuerbares Einkommen natürliche Pers. [Fr.],2021,64590,Fr.,Franken,
3461,154,Küsnacht,Öffentliche Finanzen,Gemeindesteuern,Steuergrundlagen,282,Ø steuerbares Einkommen natürliche Pers. [Fr.],2021,150233,Fr.,Franken,
3493,155,Männedorf,Öffentliche Finanzen,Gemeindesteuern,Steuergrundlagen,282,Ø steuerbares Einkommen natürliche Pers. [Fr.],2021,88166,Fr.,Franken,
3525,156,Meilen,Öffentliche Finanzen,Gemeindesteuern,Steuergrundlagen,282,Ø steuerbares Einkommen natürliche Pers. [Fr.],2021,112864,Fr.,Franken,
3557,157,Oetwil a.S.,Öffentliche Finanzen,Gemeindesteuern,Steuergrundlagen,282,Ø steuerbares Einkommen natürliche Pers. [Fr.],2021,56967,Fr.,Franken,
3589,158,Stäfa,Öffentliche Finanzen,Gemeindesteuern,Steuergrundlagen,282,Ø steuerbares Einkommen natürliche Pers. [Fr.],2021,87588,Fr.,Franken,
3621,159,Uetikon a.S.,Öffentliche Finanzen,Gemeindesteuern,Steuergrundlagen,282,Ø steuerbares Einkommen natürliche Pers. [Fr.],2021,96888,Fr.,Franken,
3653,160,Zumikon,Öffentliche Finanzen,Gemeindesteuern,Steuergrundlagen,282,Ø steuerbares Einkommen natürliche Pers. [Fr.],2021,137359,Fr.,Franken,
3685,161,Zollikon,Öffentliche Finanzen,Gemeindesteuern,Steuergrundlagen,282,Ø steuerbares Einkommen natürliche Pers. [Fr.],2021,141880,Fr.,Franken,
3742,172,Fehraltorf,Öffentliche Finanzen,Gemeindesteuern,Steuergrundlagen,282,Ø steuerbares Einkommen natürliche Pers. [Fr.],2021,69214,Fr.,Franken,
3774,173,Hittnau,Öffentliche Finanzen,Gemeindesteuern,Steuergrundlagen,282,Ø steuerbares Einkommen natürliche Pers. [Fr.],2021,68584,Fr.,Franken,
3858,176,Lindau,Öffentliche Finanzen,Gemeindesteuern,Steuergrundlagen,282,Ø steuerbares Einkommen natürliche Pers. [Fr.],2021,68552,Fr.,Franken,
3890,177,Pfäffikon,Öffentliche Finanzen,Gemeindesteuern,Steuergrundlagen,282,Ø steuerbares Einkommen natürliche Pers. [Fr.],2021,67250,Fr.,Franken,
3922,178,Russikon,Öffentliche Finanzen,Gemeindesteuern,Steuergrundlagen,282,Ø steuerbares Einkommen natürliche Pers. [Fr.],2021,76247,Fr.,Franken,
3979,180,Weisslingen,Öffentliche Finanzen,Gemeindesteuern,Steuergrundlagen,282,Ø steuerbares Einkommen natürliche Pers. [Fr.],2021,71594,Fr.,Franken,
4011,181,Wila,Öffentliche Finanzen,Gemeindesteuern,Steuergrundlagen,282,Ø steuerbares Einkommen natürliche Pers. [Fr.],2021,57965,Fr.,Franken,
4043,182,Wildberg,Öffentliche Finanzen,Gemeindesteuern,Steuergrundlagen,282,Ø steuerbares Einkommen natürliche Pers. [Fr.],2021,68782,Fr.,Franken,
4075,191,Dübendorf,Öffentliche Finanzen,Gemeindesteuern,Steuergrundlagen,282,Ø steuerbares Einkommen natürliche Pers. [Fr.],2021,63047,Fr.,Franken,
4107,192,Egg,Öffentliche Finanzen,Gemeindesteuern,Steuergrundlagen,282,Ø steuerbares Einkommen natürliche Pers. [Fr.],2021,78538,Fr.,Franken,
4139,193,Fällanden,Öffentliche Finanzen,Gemeindesteuern,Steuergrundlagen,282,Ø steuerbares Einkommen natürliche Pers. [Fr.],2021,73967,Fr.,Franken,
4171,194,Greifensee,Öffentliche Finanzen,Gemeindesteuern,Steuergrundlagen,282,Ø steuerbares Einkommen natürliche Pers. [Fr.],2021,70754,Fr.,Franken,
4203,195,Maur,Öffentliche Finanzen,Gemeindesteuern,Steuergrundlagen,282,Ø steuerbares Einkommen natürliche Pers. [Fr.],2021,93451,Fr.,Franken,
4235,196,Mönchaltorf,Öffentliche Finanzen,Gemeindesteuern,Steuergrundlagen,282,Ø steuerbares Einkommen natürliche Pers. [Fr.],2021,63083,Fr.,Franken,
4267,197,Schwerzenbach,Öffentliche Finanzen,Gemeindesteuern,Steuergrundlagen,282,Ø steuerbares Einkommen natürliche Pers. [Fr.],2021,66051,Fr.,Franken,
4299,198,Uster,Öffentliche Finanzen,Gemeindesteuern,Steuergrundlagen,282,Ø steuerbares Einkommen natürliche Pers. [Fr.],2021,66867,Fr.,Franken,
4331,199,Volketswil,Öffentliche Finanzen,Gemeindesteuern,Steuergrundlagen,282,Ø steuerbares Einkommen natürliche Pers. [Fr.],2021,67964,Fr.,Franken,
4363,200,Wangen-Brüttisellen,Öffentliche Finanzen,Gemeindesteuern,Steuergrundlagen,282,Ø steuerbares Einkommen natürliche Pers. [Fr.],2021,72607,Fr.,Franken,
4395,211,Altikon,Öffentliche Finanzen,Gemeindesteuern,Steuergrundlagen,282,Ø steuerbares Einkommen natürliche Pers. [Fr.],2021,61364,Fr.,Franken,
4427,213,Brütten,Öffentliche Finanzen,Gemeindesteuern,Steuergrundlagen,282,Ø steuerbares Einkommen natürliche Pers. [Fr.],2021,82227,Fr.,Franken,
4459,214,Dägerlen,Öffentliche Finanzen,Gemeindesteuern,Steuergrundlagen,282,Ø steuerbares Einkommen natürliche Pers. [Fr.],2021,65247,Fr.,Franken,
4491,215,Dättlikon,Öffentliche Finanzen,Gemeindesteuern,Steuergrundlagen,282,Ø steuerbares Einkommen natürliche Pers. [Fr.],2021,81266,Fr.,Franken,
4523,216,Dinhard,Öffentliche Finanzen,Gemeindesteuern,Steuergrundlagen,282,Ø steuerbares Einkommen natürliche Pers. [Fr.],2021,72955,Fr.,Franken,
4583,218,Ellikon a.d.Th.,Öffentliche Finanzen,Gemeindesteuern,Steuergrundlagen,282,Ø steuerbares Einkommen natürliche Pers. [Fr.],2021,65323,Fr.,Franken,
4615,219,Elsau,Öffentliche Finanzen,Gemeindesteuern,Steuergrundlagen,282,Ø steuerbares Einkommen natürliche Pers. [Fr.],2021,63031,Fr.,Franken,
4647,220,Hagenbuch,Öffentliche Finanzen,Gemeindesteuern,Steuergrundlagen,282,Ø steuerbares Einkommen natürliche Pers. [Fr.],2021,60457,Fr.,Franken,
4679,221,Hettlingen,Öffentliche Finanzen,Gemeindesteuern,Steuergrundlagen,282,Ø steuerbares Einkommen natürliche Pers. [Fr.],2021,81495,Fr.,Franken,
4739,223,Neftenbach,Öffentliche Finanzen,Gemeindesteuern,Steuergrundlagen,282,Ø steuerbares Einkommen natürliche Pers. [Fr.],2021,73877,Fr.,Franken,
4771,224,Pfungen,Öffentliche Finanzen,Gemeindesteuern,Steuergrundlagen,282,Ø steuerbares Einkommen natürliche Pers. [Fr.],2021,56649,Fr.,Franken,
4803,225,Rickenbach,Öffentliche Finanzen,Gemeindesteuern,Steuergrundlagen,282,Ø steuerbares Einkommen natürliche Pers. [Fr.],2021,63148,Fr.,Franken,
4835,226,Schlatt,Öffentliche Finanzen,Gemeindesteuern,Steuergrundlagen,282,Ø steuerbares Einkommen natürliche Pers. [Fr.],2021,60384,Fr.,Franken,
4867,227,Seuzach,Öffentliche Finanzen,Gemeindesteuern,Steuergrundlagen,282,Ø steuerbares Einkommen natürliche Pers. [Fr.],2021,76322,Fr.,Franken,
4899,228,Turbenthal,Öffentliche Finanzen,Gemeindesteuern,Steuergrundlagen,282,Ø steuerbares Einkommen natürliche Pers. [Fr.],2021,54022,Fr.,Franken,
4931,230,Winterthur,Öffentliche Finanzen,Gemeindesteuern,Steuergrundlagen,282,Ø steuerbares Einkommen natürliche Pers. [Fr.],2021,55973,Fr.,Franken,
4963,231,Zell,Öffentliche Finanzen,Gemeindesteuern,Steuergrundlagen,282,Ø steuerbares Einkommen natürliche Pers. [Fr.],2021,54493,Fr.,Franken,
4995,241,Aesch ZH,Öffentliche Finanzen,Gemeindesteuern,Steuergrundlagen,282,Ø steuerbares Einkommen natürliche Pers. [Fr.],2021,88057,Fr.,Franken,
5027,242,Birmensdorf,Öffentliche Finanzen,Gemeindesteuern,Steuergrundlagen,282,Ø steuerbares Einkommen natürliche Pers. [Fr.],2021,73146,Fr.,Franken,
5059,243,Dietikon,Öffentliche Finanzen,Gemeindesteuern,Steuergrundlagen,282,Ø steuerbares Einkommen natürliche Pers. [Fr.],2021,51384,Fr.,Franken,
5091,244,Geroldswil,Öffentliche Finanzen,Gemeindesteuern,Steuergrundlagen,282,Ø steuerbares Einkommen natürliche Pers. [Fr.],2021,69493,Fr.,Franken,
5123,245,Oberengstringen,Öffentliche Finanzen,Gemeindesteuern,Steuergrundlagen,282,Ø steuerbares Einkommen natürliche Pers. [Fr.],2021,63624,Fr.,Franken,
5155,246,Oetwil a.d.L.,Öffentliche Finanzen,Gemeindesteuern,Steuergrundlagen,282,Ø steuerbares Einkommen natürliche Pers. [Fr.],2021,81933,Fr.,Franken,
5187,247,Schlieren,Öffentliche Finanzen,Gemeindesteuern,Steuergrundlagen,282,Ø steuerbares Einkommen natürliche Pers. [Fr.],2021,53376,Fr.,Franken,
5219,248,Uitikon,Öffentliche Finanzen,Gemeindesteuern,Steuergrundlagen,282,Ø steuerbares Einkommen natürliche Pers. [Fr.],2021,128739,Fr.,Franken,
5251,249,Unterengstringen,Öffentliche Finanzen,Gemeindesteuern,Steuergrundlagen,282,Ø steuerbares Einkommen natürliche Pers. [Fr.],2021,77984,Fr.,Franken,
5283,250,Urdorf,Öffentliche Finanzen,Gemeindesteuern,Steuergrundlagen,282,Ø steuerbares Einkommen natürliche Pers. [Fr.],2021,62646,Fr.,Franken,
5315,251,Weiningen,Öffentliche Finanzen,Gemeindesteuern,Steuergrundlagen,282,Ø steuerbares Einkommen natürliche Pers. [Fr.],2021,68652,Fr.,Franken,
5347,261,Zürich,Öffentliche Finanzen,Gemeindesteuern,Steuergrundlagen,282,Ø steuerbares Einkommen natürliche Pers. [Fr.],2021,64871,Fr.,Franken,
5379,292,Stammheim,Öffentliche Finanzen,Gemeindesteuern,Steuergrundlagen,282,Ø steuerbares Einkommen natürliche Pers. [Fr.],2021,62869,Fr.,Franken,
5411,293,Wädenswil,Öffentliche Finanzen,Gemeindesteuern,Steuergrundlagen,282,Ø steuerbares Einkommen natürliche Pers. [Fr.],2021,71381,Fr.,Franken,
5443,294,Elgg,Öffentliche Finanzen,Gemeindesteuern,Steuergrundlagen,282,Ø steuerbares Einkommen natürliche Pers. [Fr.],2021,61799,Fr.,Franken,
5475,295,Horgen,Öffentliche Finanzen,Gemeindesteuern,Steuergrundlagen,282,Ø steuerbares Einkommen natürliche Pers. [Fr.],2021,78048,Fr.,Franken,
5507,296,Illnau-Effretikon,Öffentliche Finanzen,Gemeindesteuern,Steuergrundlagen,282,Ø steuerbares Einkommen natürliche Pers. [Fr.],2021,58776,Fr.,Franken,
5539,297,Bauma,Öffentliche Finanzen,Gemeindesteuern,Steuergrundlagen,282,Ø steuerbares Einkommen natürliche Pers. [Fr.],2021,56537,Fr.,Franken,
5571,298,Wiesendangen,Öffentliche Finanzen,Gemeindesteuern,Steuergrundlagen,282,Ø steuerbares Einkommen natürliche Pers. [Fr.],2021,75281,Fr.,Franken,
5603,0,Bezirk Affoltern,Öffentliche Finanzen,Gemeindesteuern,Steuergrundlagen,282,Ø steuerbares Einkommen natürliche Pers. [Fr.],2021,74150,Fr.,Franken,
5635,0,Bezirk Andelfingen,Öffentliche Finanzen,Gemeindesteuern,Steuergrundlagen,282,Ø steuerbares Einkommen natürliche Pers. [Fr.],2021,66746,Fr.,Franken,
5667,0,Bezirk Bülach,Öffentliche Finanzen,Gemeindesteuern,Steuergrundlagen,282,Ø steuerbares Einkommen natürliche Pers. [Fr.],2021,64717,Fr.,Franken,
5699,0,Bezirk Dielsdorf,Öffentliche Finanzen,Gemeindesteuern,Steuergrundlagen,282,Ø steuerbares Einkommen natürliche Pers. [Fr.],2021,64187,Fr.,Franken,
5731,0,Bezirk Dietikon,Öffentliche Finanzen,Gemeindesteuern,Steuergrundlagen,282,Ø steuerbares Einkommen natürliche Pers. [Fr.],2021,64234,Fr.,Franken,
5763,0,Bezirk Hinwil,Öffentliche Finanzen,Gemeindesteuern,Steuergrundlagen,282,Ø steuerbares Einkommen natürliche Pers. [Fr.],2021,60201,Fr.,Franken,
5795,0,Bezirk Horgen,Öffentliche Finanzen,Gemeindesteuern,Steuergrundlagen,282,Ø steuerbares Einkommen natürliche Pers. [Fr.],2021,83937,Fr.,Franken,
5827,0,Bezirk Meilen,Öffentliche Finanzen,Gemeindesteuern,Steuergrundlagen,282,Ø steuerbares Einkommen natürliche Pers. [Fr.],2021,113439,Fr.,Franken,
5859,0,Bezirk Pfäffikon,Öffentliche Finanzen,Gemeindesteuern,Steuergrundlagen,282,Ø steuerbares Einkommen natürliche Pers. [Fr.],2021,65013,Fr.,Franken,
5891,0,Bezirk Uster,Öffentliche Finanzen,Gemeindesteuern,Steuergrundlagen,282,Ø steuerbares Einkommen natürliche Pers. [Fr.],2021,69832,Fr.,Franken,
5923,0,Bezirk Winterthur,Öffentliche Finanzen,Gemeindesteuern,Steuergrundlagen,282,Ø steuerbares Einkommen natürliche Pers. [Fr.],2021,59668,Fr.,Franken,
5955,0,Bezirk Zürich,Öffentliche Finanzen,Gemeindesteuern,Steuergrundlagen,282,Ø steuerbares Einkommen natürliche Pers. [Fr.],2021,64871,Fr.,Franken,
5987,0,Region Furttal,Öffentliche Finanzen,Gemeindesteuern,Steuergrundlagen,282,Ø steuerbares Einkommen natürliche Pers. [Fr.],2021,64247,Fr.,Franken,
6019,0,Region Glattal,Öffentliche Finanzen,Gemeindesteuern,Steuergrundlagen,282,Ø steuerbares Einkommen natürliche Pers. [Fr.],2021,66815,Fr.,Franken,
6051,0,Region Knonaueramt,Öffentliche Finanzen,Gemeindesteuern,Steuergrundlagen,282,Ø steuerbares Einkommen natürliche Pers. [Fr.],2021,74150,Fr.,Franken,
6083,0,Region Limmattal,Öffentliche Finanzen,Gemeindesteuern,Steuergrundlagen,282,Ø steuerbares Einkommen natürliche Pers. [Fr.],2021,64234,Fr.,Franken,
6115,0,Region Oberland,Öffentliche Finanzen,Gemeindesteuern,Steuergrundlagen,282,Ø steuerbares Einkommen natürliche Pers. [Fr.],2021,63004,Fr.,Franken,
6147,0,Region Pfannenstiel,Öffentliche Finanzen,Gemeindesteuern,Steuergrundlagen,282,Ø steuerbares Einkommen natürliche Pers. [Fr.],2021,110773,Fr.,Franken,
6179,0,Region Unterland,Öffentliche Finanzen,Gemeindesteuern,Steuergrundlagen,282,Ø steuerbares Einkommen natürliche Pers. [Fr.],2021,65553,Fr.,Franken,
6211,0,Region Weinland,Öffentliche Finanzen,Gemeindesteuern,Steuergrundlagen,282,Ø steuerbares Einkommen natürliche Pers. [Fr.],2021,66746,Fr.,Franken,
6243,0,Region Winterthur u. Umg.,Öffentliche Finanzen,Gemeindesteuern,Steuergrundlagen,282,Ø steuerbares Einkommen natürliche Pers. [Fr.],2021,60035,Fr.,Franken,
6275,0,Region Zimmerberg,Öffentliche Finanzen,Gemeindesteuern,Steuergrundlagen,282,Ø steuerbares Einkommen natürliche Pers. [Fr.],2021,83937,Fr.,Franken,
6307,0,Region Zürich,Öffentliche Finanzen,Gemeindesteuern,Steuergrundlagen,282,Ø steuerbares Einkommen natürliche Pers. [Fr.],2021,64871,Fr.,Franken,
6339,0,Zürich - ganzer Kanton,Öffentliche Finanzen,Gemeindesteuern,Steuergrundlagen,282,Ø steuerbares Einkommen natürliche Pers. [Fr.],2021,69538,Fr.,Franken,
